"Data Source","World Development Indicators",

"Last Updated Date","2022-04-08",

"Country Name","Country Code","Indicator Name","Indicator Code","1960","1961","1962","1963","1964","1965","1966","1967","1968","1969","1970","1971","1972","1973","1974","1975","1976","1977","1978","1979","1980","1981","1982","1983","1984","1985","1986","1987","1988","1989","1990","1991","1992","1993","1994","1995","1996","1997","1998","1999","2000","2001","2002","2003","2004","2005","2006","2007","2008","2009","2010","2011","2012","2013","2014","2015","2016","2017","2018","2019","2020",
"Aruba","ABW","Survey mean consumption or income per capita, total population (2011 PPP $ per day)","SI.SPR.PCAP","","","","","","","","","","","","","","","","","","","","","","","","","","","","","","","","","","","","","","","","","","","","","","","","","","","","","","","","","","","","","",
"Africa Eastern and Southern","AFE","Survey mean consumption or income per capita, total population (2011 PPP $ per day)","SI.SPR.PCAP","","","","","","","","","","","","","","","","","","","","","","","","","","","","","","","","","","","","","","","","","","","","","","","","","","","","","","","","","","","","","",
"Afghanistan","AFG","Survey mean consumption or income per capita, total population (2011 PPP $ per day)","SI.SPR.PCAP","","","","","","","","","","","","","","","","","","","","","","","","","","","","","","","","","","","","","","","","","","","","","","","","","","","","","","","","","","","","","",
"Africa Western and Central","AFW","Survey mean consumption or income per capita, total population (2011 PPP $ per day)","SI.SPR.PCAP","","","","","","","","","","","","","","","","","","","","","","","","","","","","","","","","","","","","","","","","","","","","","","","","","","","","","","","","","","","","","",
"Angola","AGO","Survey mean consumption or income per capita, total population (2011 PPP $ per day)","SI.SPR.PCAP","","","","","","","","","","","","","","","","","","","","","","","","","","","","","","","","","","","","","","","","","","","","","","","","","","","","","","","","","","","","","",
"Albania","ALB","Survey mean consumption or income per capita, total population (2011 PPP $ per day)","SI.SPR.PCAP","","","","","","","","","","","","","","","","","","","","","","","","","","","","","","","","","","","","","","","","","","","","","","","","","","","","","","","8.4","","","10.28","","","",
"Andorra","AND","Survey mean consumption or income per capita, total population (2011 PPP $ per day)","SI.SPR.PCAP","","","","","","","","","","","","","","","","","","","","","","","","","","","","","","","","","","","","","","","","","","","","","","","","","","","","","","","","","","","","","",
"Arab World","ARB","Survey mean consumption or income per capita, total population (2011 PPP $ per day)","SI.SPR.PCAP","","","","","","","","","","","","","","","","","","","","","","","","","","","","","","","","","","","","","","","","","","","","","","","","","","","","","","","","","","","","","",
"United Arab Emirates","ARE","Survey mean consumption or income per capita, total population (2011 PPP $ per day)","SI.SPR.PCAP","","","","","","","","","","","","","","","","","","","","","","","","","","","","","","","","","","","","","","","","","","","","","","","","","","","","","","76.3","","","","","82.96","","",
"Argentina","ARG","Survey mean consumption or income per capita, total population (2011 PPP $ per day)","SI.SPR.PCAP","","","","","","","","","","","","","","","","","","","","","","","","","","","","","","","","","","","","","","","","","","","","","","","","","","","","","","","","","19.89","","","","16.14",
"Armenia","ARM","Survey mean consumption or income per capita, total population (2011 PPP $ per day)","SI.SPR.PCAP","","","","","","","","","","","","","","","","","","","","","","","","","","","","","","","","","","","","","","","","","","","","","","","","","","","","","","6.84","","","","","7.7","","",
"American Samoa","ASM","Survey mean consumption or income per capita, total population (2011 PPP $ per day)","SI.SPR.PCAP","","","","","","","","","","","","","","","","","","","","","","","","","","","","","","","","","","","","","","","","","","","","","","","","","","","","","","","","","","","","","",
"Antigua and Barbuda","ATG","Survey mean consumption or income per capita, total population (2011 PPP $ per day)","SI.SPR.PCAP","","","","","","","","","","","","","","","","","","","","","","","","","","","","","","","","","","","","","","","","","","","","","","","","","","","","","","","","","","","","","",
"Australia","AUS","Survey mean consumption or income per capita, total population (2011 PPP $ per day)","SI.SPR.PCAP","","","","","","","","","","","","","","","","","","","","","","","","","","","","","","","","","","","","","","","","","","","","39.87","","","","","","","54.66","","","","","","","","","","",
"Austria","AUT","Survey mean consumption or income per capita, total population (2011 PPP $ per day)","SI.SPR.PCAP","","","","","","","","","","","","","","","","","","","","","","","","","","","","","","","","","","","","","","","","","","","","","","","","","","","","","","","55.25","","","","","58.48","",
"Azerbaijan","AZE","Survey mean consumption or income per capita, total population (2011 PPP $ per day)","SI.SPR.PCAP","","","","","","","","","","","","","","","","","","","","","","","","","","","","","","","","","","","","","","","","","","","","","","","","","","","","","","","","","","","","","",
"Burundi","BDI","Survey mean consumption or income per capita, total population (2011 PPP $ per day)","SI.SPR.PCAP","","","","","","","","","","","","","","","","","","","","","","","","","","","","","","","","","","","","","","","","","","","","","","","","","","","","","","","","","","","","","",
"Belgium","BEL","Survey mean consumption or income per capita, total population (2011 PPP $ per day)","SI.SPR.PCAP","","","","","","","","","","","","","","","","","","","","","","","","","","","","","","","","","","","","","","","","","","","","","","","","","","","","","","","48.39","","","","","51.9","",
"Benin","BEN","Survey mean consumption or income per capita, total population (2011 PPP $ per day)","SI.SPR.PCAP","","","","","","","","","","","","","","","","","","","","","","","","","","","","","","","","","","","","","","","","","","","","","","","","","","","","2.7","","","","2.71","","","","","",
"Burkina Faso","BFA","Survey mean consumption or income per capita, total population (2011 PPP $ per day)","SI.SPR.PCAP","","","","","","","","","","","","","","","","","","","","","","","","","","","","","","","","","","","","","","","","","","","","","","","","","","2.38","","","","","2.75","","","","","","",
"Bangladesh","BGD","Survey mean consumption or income per capita, total population (2011 PPP $ per day)","SI.SPR.PCAP","","","","","","","","","","","","","","","","","","","","","","","","","","","","","","","","","","","","","","","","","","","","","","","","","","","3.55","","","","","","3.89","","","","",
"Bulgaria","BGR","Survey mean consumption or income per capita, total population (2011 PPP $ per day)","SI.SPR.PCAP","","","","","","","","","","","","","","","","","","","","","","","","","","","","","","","","","","","","","","","","","","","","","","","","","","","","","","","","17.22","","","","24.53","",
"Bahrain","BHR","Survey mean consumption or income per capita, total population (2011 PPP $ per day)","SI.SPR.PCAP","","","","","","","","","","","","","","","","","","","","","","","","","","","","","","","","","","","","","","","","","","","","","","","","","","","","","","","","","","","","","",
"Bahamas, The","BHS","Survey mean consumption or income per capita, total population (2011 PPP $ per day)","SI.SPR.PCAP","","","","","","","","","","","","","","","","","","","","","","","","","","","","","","","","","","","","","","","","","","","","","","","","","","","","","","","","","","","","","",
"Bosnia and Herzegovina","BIH","Survey mean consumption or income per capita, total population (2011 PPP $ per day)","SI.SPR.PCAP","","","","","","","","","","","","","","","","","","","","","","","","","","","","","","","","","","","","","","","","","","","","","","","","","","","","","","","","","","","","","",
"Belarus","BLR","Survey mean consumption or income per capita, total population (2011 PPP $ per day)","SI.SPR.PCAP","","","","","","","","","","","","","","","","","","","","","","","","","","","","","","","","","","","","","","","","","","","","","","","","","","","","","","","21.02","","","","","21.25","",
"Belize","BLZ","Survey mean consumption or income per capita, total population (2011 PPP $ per day)","SI.SPR.PCAP","","","","","","","","","","","","","","","","","","","","","","","","","","","","","","","","","","","","","","","","","","","","","","","","","","","","","","","","","","","","","",
"Bermuda","BMU","Survey mean consumption or income per capita, total population (2011 PPP $ per day)","SI.SPR.PCAP","","","","","","","","","","","","","","","","","","","","","","","","","","","","","","","","","","","","","","","","","","","","","","","","","","","","","","","","","","","","","",
"Bolivia","BOL","Survey mean consumption or income per capita, total population (2011 PPP $ per day)","SI.SPR.PCAP","","","","","","","","","","","","","","","","","","","","","","","","","","","","","","","","","","","","","","","","","","","","","","","","","","","","","","","","13.82","","","","","13.69",
"Brazil","BRA","Survey mean consumption or income per capita, total population (2011 PPP $ per day)","SI.SPR.PCAP","","","","","","","","","","","","","","","","","","","","","","","","","","","","","","","","","","","","","","","","","","","","","","","","","","","","","","","20.25","","","","","20.39","",
"Barbados","BRB","Survey mean consumption or income per capita, total population (2011 PPP $ per day)","SI.SPR.PCAP","","","","","","","","","","","","","","","","","","","","","","","","","","","","","","","","","","","","","","","","","","","","","","","","","","","","","","","","","","","","","",
"Brunei Darussalam","BRN","Survey mean consumption or income per capita, total population (2011 PPP $ per day)","SI.SPR.PCAP","","","","","","","","","","","","","","","","","","","","","","","","","","","","","","","","","","","","","","","","","","","","","","","","","","","","","","","","","","","","","",
"Bhutan","BTN","Survey mean consumption or income per capita, total population (2011 PPP $ per day)","SI.SPR.PCAP","","","","","","","","","","","","","","","","","","","","","","","","","","","","","","","","","","","","","","","","","","","","","","","","","","","","","8.04","","","","","8.74","","","",
"Botswana","BWA","Survey mean consumption or income per capita, total population (2011 PPP $ per day)","SI.SPR.PCAP","","","","","","","","","","","","","","","","","","","","","","","","","","","","","","","","","","","","","","","","","","","","","","","","","","9.94","","","","","","7.97","","","","","",
"Central African Republic","CAF","Survey mean consumption or income per capita, total population (2011 PPP $ per day)","SI.SPR.PCAP","","","","","","","","","","","","","","","","","","","","","","","","","","","","","","","","","","","","","","","","","","","","","","","","","","","","","","","","","","","","","",
"Canada","CAN","Survey mean consumption or income per capita, total population (2011 PPP $ per day)","SI.SPR.PCAP","","","","","","","","","","","","","","","","","","","","","","","","","","","","","","","","","","","","","","","","","","","","","","","","","","","","","56.97","","","","","60.39","","","",
"Central Europe and the Baltics","CEB","Survey mean consumption or income per capita, total population (2011 PPP $ per day)","SI.SPR.PCAP","","","","","","","","","","","","","","","","","","","","","","","","","","","","","","","","","","","","","","","","","","","","","","","","","","","","","","","","","","","","","",
"Switzerland","CHE","Survey mean consumption or income per capita, total population (2011 PPP $ per day)","SI.SPR.PCAP","","","","","","","","","","","","","","","","","","","","","","","","","","","","","","","","","","","","","","","","","","","","","","","","","","","","","","68.99","","","","","69.28","","",
"Channel Islands","CHI","Survey mean consumption or income per capita, total population (2011 PPP $ per day)","SI.SPR.PCAP","","","","","","","","","","","","","","","","","","","","","","","","","","","","","","","","","","","","","","","","","","","","","","","","","","","","","","","","","","","","","",
"Chile","CHL","Survey mean consumption or income per capita, total population (2011 PPP $ per day)","SI.SPR.PCAP","","","","","","","","","","","","","","","","","","","","","","","","","","","","","","","","","","","","","","","","","","","","","","","","","","","","","","","","22.96","","","","","25.97",
"China","CHN","Survey mean consumption or income per capita, total population (2011 PPP $ per day)","SI.SPR.PCAP","","","","","","","","","","","","","","","","","","","","","","","","","","","","","","","","","","","","","","","","","","","","","","","","","","","","","","","10.2","","","","","13.82","",
"Cote d'Ivoire","CIV","Survey mean consumption or income per capita, total population (2011 PPP $ per day)","SI.SPR.PCAP","","","","","","","","","","","","","","","","","","","","","","","","","","","","","","","","","","","","","","","","","","","","","","","","","3.78","","","","","","","3.72","","","","","",
"Cameroon","CMR","Survey mean consumption or income per capita, total population (2011 PPP $ per day)","SI.SPR.PCAP","","","","","","","","","","","","","","","","","","","","","","","","","","","","","","","","","","","","","","","","","","","","","","","","3.88","","","","","","","5.05","","","","","","",
"Congo, Dem. Rep.","COD","Survey mean consumption or income per capita, total population (2011 PPP $ per day)","SI.SPR.PCAP","","","","","","","","","","","","","","","","","","","","","","","","","","","","","","","","","","","","","","","","","","","","","0.74","","","","","","","","1.5","","","","","","","","",
"Congo, Rep.","COG","Survey mean consumption or income per capita, total population (2011 PPP $ per day)","SI.SPR.PCAP","","","","","","","","","","","","","","","","","","","","","","","","","","","","","","","","","","","","","","","","","","","","","","2.69","","","","","","3.65","","","","","","","","","",
"Colombia","COL","Survey mean consumption or income per capita, total population (2011 PPP $ per day)","SI.SPR.PCAP","","","","","","","","","","","","","","","","","","","","","","","","","","","","","","","","","","","","","","","","","","","","","","","","","","","","","","","","14.33","","","","","12.11",
"Comoros","COM","Survey mean consumption or income per capita, total population (2011 PPP $ per day)","SI.SPR.PCAP","","","","","","","","","","","","","","","","","","","","","","","","","","","","","","","","","","","","","","","","","","","","","","","","","","","","","","","","","","","","","",
"Cabo Verde","CPV","Survey mean consumption or income per capita, total population (2011 PPP $ per day)","SI.SPR.PCAP","","","","","","","","","","","","","","","","","","","","","","","","","","","","","","","","","","","","","","","","","","","","","","","","","","","","","","","","","","","","","",
"Costa Rica","CRI","Survey mean consumption or income per capita, total population (2011 PPP $ per day)","SI.SPR.PCAP","","","","","","","","","","","","","","","","","","","","","","","","","","","","","","","","","","","","","","","","","","","","","","","","","","","","","","","","22.55","","","","","20.12",
"Caribbean small states","CSS","Survey mean consumption or income per capita, total population (2011 PPP $ per day)","SI.SPR.PCAP","","","","","","","","","","","","","","","","","","","","","","","","","","","","","","","","","","","","","","","","","","","","","","","","","","","","","","","","","","","","","",
"Cuba","CUB","Survey mean consumption or income per capita, total population (2011 PPP $ per day)","SI.SPR.PCAP","","","","","","","","","","","","","","","","","","","","","","","","","","","","","","","","","","","","","","","","","","","","","","","","","","","","","","","","","","","","","",
"Curacao","CUW","Survey mean consumption or income per capita, total population (2011 PPP $ per day)","SI.SPR.PCAP","","","","","","","","","","","","","","","","","","","","","","","","","","","","","","","","","","","","","","","","","","","","","","","","","","","","","","","","","","","","","",
"Cayman Islands","CYM","Survey mean consumption or income per capita, total population (2011 PPP $ per day)","SI.SPR.PCAP","","","","","","","","","","","","","","","","","","","","","","","","","","","","","","","","","","","","","","","","","","","","","","","","","","","","","","","","","","","","","",
"Cyprus","CYP","Survey mean consumption or income per capita, total population (2011 PPP $ per day)","SI.SPR.PCAP","","","","","","","","","","","","","","","","","","","","","","","","","","","","","","","","","","","","","","","","","","","","","","","","","","","","","","","39.93","","","","","46.53","",
"Czech Republic","CZE","Survey mean consumption or income per capita, total population (2011 PPP $ per day)","SI.SPR.PCAP","","","","","","","","","","","","","","","","","","","","","","","","","","","","","","","","","","","","","","","","","","","","","","","","","","","","","","","27.95","","","","","34.21","",
"Germany","DEU","Survey mean consumption or income per capita, total population (2011 PPP $ per day)","SI.SPR.PCAP","","","","","","","","","","","","","","","","","","","","","","","","","","","","","","","","","","","","","","","","","","","","","","","","","","","","","","52.56","","","","","57.47","","",
"Djibouti","DJI","Survey mean consumption or income per capita, total population (2011 PPP $ per day)","SI.SPR.PCAP","","","","","","","","","","","","","","","","","","","","","","","","","","","","","","","","","","","","","","","","","","","","","","","","","","","","","","","","","","","","","",
"Dominica","DMA","Survey mean consumption or income per capita, total population (2011 PPP $ per day)","SI.SPR.PCAP","","","","","","","","","","","","","","","","","","","","","","","","","","","","","","","","","","","","","","","","","","","","","","","","","","","","","","","","","","","","","",
"Denmark","DNK","Survey mean consumption or income per capita, total population (2011 PPP $ per day)","SI.SPR.PCAP","","","","","","","","","","","","","","","","","","","","","","","","","","","","","","","","","","","","","","","","","","","","","","","","","","","","","","","52.62","","","","","55.93","",
"Dominican Republic","DOM","Survey mean consumption or income per capita, total population (2011 PPP $ per day)","SI.SPR.PCAP","","","","","","","","","","","","","","","","","","","","","","","","","","","","","","","","","","","","","","","","","","","","","","","","","","","","12.58","","","","","15.49","","","","",
"Algeria","DZA","Survey mean consumption or income per capita, total population (2011 PPP $ per day)","SI.SPR.PCAP","","","","","","","","","","","","","","","","","","","","","","","","","","","","","","","","","","","","","","","","","","","","","","","","","","","","","","","","","","","","","",
"East Asia & Pacific (excluding high income)","EAP","Survey mean consumption or income per capita, total population (2011 PPP $ per day)","SI.SPR.PCAP","","","","","","","","","","","","","","","","","","","","","","","","","","","","","","","","","","","","","","","","","","","","","","","","","","","","","","","","","","","","","",
"Early-demographic dividend","EAR","Survey mean consumption or income per capita, total population (2011 PPP $ per day)","SI.SPR.PCAP","","","","","","","","","","","","","","","","","","","","","","","","","","","","","","","","","","","","","","","","","","","","","","","","","","","","","","","","","","","","","",
"East Asia & Pacific","EAS","Survey mean consumption or income per capita, total population (2011 PPP $ per day)","SI.SPR.PCAP","","","","","","","","","","","","","","","","","","","","","","","","","","","","","","","","","","","","","","","","","","","","","","","","","","","","","","","","","","","","","",
"Europe & Central Asia (excluding high income)","ECA","Survey mean consumption or income per capita, total population (2011 PPP $ per day)","SI.SPR.PCAP","","","","","","","","","","","","","","","","","","","","","","","","","","","","","","","","","","","","","","","","","","","","","","","","","","","","","","","","","","","","","",
"Europe & Central Asia","ECS","Survey mean consumption or income per capita, total population (2011 PPP $ per day)","SI.SPR.PCAP","","","","","","","","","","","","","","","","","","","","","","","","","","","","","","","","","","","","","","","","","","","","","","","","","","","","","","","","","","","","","",
"Ecuador","ECU","Survey mean consumption or income per capita, total population (2011 PPP $ per day)","SI.SPR.PCAP","","","","","","","","","","","","","","","","","","","","","","","","","","","","","","","","","","","","","","","","","","","","","","","","","","","","","","","","13.76","","","","","12.08",
"Egypt, Arab Rep.","EGY","Survey mean consumption or income per capita, total population (2011 PPP $ per day)","SI.SPR.PCAP","","","","","","","","","","","","","","","","","","","","","","","","","","","","","","","","","","","","","","","","","","","","","","","","","","","","","5.37","","","","","5.06","","","",
"Euro area","EMU","Survey mean consumption or income per capita, total population (2011 PPP $ per day)","SI.SPR.PCAP","","","","","","","","","","","","","","","","","","","","","","","","","","","","","","","","","","","","","","","","","","","","","","","","","","","","","","","","","","","","","",
"Eritrea","ERI","Survey mean consumption or income per capita, total population (2011 PPP $ per day)","SI.SPR.PCAP","","","","","","","","","","","","","","","","","","","","","","","","","","","","","","","","","","","","","","","","","","","","","","","","","","","","","","","","","","","","","",
"Spain","ESP","Survey mean consumption or income per capita, total population (2011 PPP $ per day)","SI.SPR.PCAP","","","","","","","","","","","","","","","","","","","","","","","","","","","","","","","","","","","","","","","","","","","","","","","","","","","","","","","34.91","","","","","39.73","",
"Estonia","EST","Survey mean consumption or income per capita, total population (2011 PPP $ per day)","SI.SPR.PCAP","","","","","","","","","","","","","","","","","","","","","","","","","","","","","","","","","","","","","","","","","","","","","","","","","","","","","","","28.47","","","","","38.27","",
"Ethiopia","ETH","Survey mean consumption or income per capita, total population (2011 PPP $ per day)","SI.SPR.PCAP","","","","","","","","","","","","","","","","","","","","","","","","","","","","","","","","","","","","","","","","","","","","","","","","","","","2.8","","","","","3.11","","","","","",
"European Union","EUU","Survey mean consumption or income per capita, total population (2011 PPP $ per day)","SI.SPR.PCAP","","","","","","","","","","","","","","","","","","","","","","","","","","","","","","","","","","","","","","","","","","","","","","","","","","","","","","","","","","","","","",
"Fragile and conflict affected situations","FCS","Survey mean consumption or income per capita, total population (2011 PPP $ per day)","SI.SPR.PCAP","","","","","","","","","","","","","","","","","","","","","","","","","","","","","","","","","","","","","","","","","","","","","","","","","","","","","","","","","","","","","",
"Finland","FIN","Survey mean consumption or income per capita, total population (2011 PPP $ per day)","SI.SPR.PCAP","","","","","","","","","","","","","","","","","","","","","","","","","","","","","","","","","","","","","","","","","","","","","","","","","","","","","","","49.28","","","","","53.07","",
"Fiji","FJI","Survey mean consumption or income per capita, total population (2011 PPP $ per day)","SI.SPR.PCAP","","","","","","","","","","","","","","","","","","","","","","","","","","","","","","","","","","","","","","","","","","","","","","","","","9.15","","","","","8.94","","","","","","","",
"France","FRA","Survey mean consumption or income per capita, total population (2011 PPP $ per day)","SI.SPR.PCAP","","","","","","","","","","","","","","","","","","","","","","","","","","","","","","","","","","","","","","","","","","","","","","","","","","","","","","51.99","","","","","54.02","","",
"Faroe Islands","FRO","Survey mean consumption or income per capita, total population (2011 PPP $ per day)","SI.SPR.PCAP","","","","","","","","","","","","","","","","","","","","","","","","","","","","","","","","","","","","","","","","","","","","","","","","","","","","","","","","","","","","","",
"Micronesia, Fed. Sts.","FSM","Survey mean consumption or income per capita, total population (2011 PPP $ per day)","SI.SPR.PCAP","","","","","","","","","","","","","","","","","","","","","","","","","","","","","","","","","","","","","","","","","","","","","","","","","","","","","","","","","","","","","",
"Gabon","GAB","Survey mean consumption or income per capita, total population (2011 PPP $ per day)","SI.SPR.PCAP","","","","","","","","","","","","","","","","","","","","","","","","","","","","","","","","","","","","","","","","","","","","","","","","","","","","","","","","","","","","","",
"United Kingdom","GBR","Survey mean consumption or income per capita, total population (2011 PPP $ per day)","SI.SPR.PCAP","","","","","","","","","","","","","","","","","","","","","","","","","","","","","","","","","","","","","","","","","","","","","","","","","","","","","43.35","","","","","49.43","","","",
"Georgia","GEO","Survey mean consumption or income per capita, total population (2011 PPP $ per day)","SI.SPR.PCAP","","","","","","","","","","","","","","","","","","","","","","","","","","","","","","","","","","","","","","","","","","","","","","","","","","","","","","","","7.57","","","","","7.02",
"Ghana","GHA","Survey mean consumption or income per capita, total population (2011 PPP $ per day)","SI.SPR.PCAP","","","","","","","","","","","","","","","","","","","","","","","","","","","","","","","","","","","","","","","","","","","","","","","","","","","","","6.45","","","","6.78","","","","",
"Gibraltar","GIB","Survey mean consumption or income per capita, total population (2011 PPP $ per day)","SI.SPR.PCAP","","","","","","","","","","","","","","","","","","","","","","","","","","","","","","","","","","","","","","","","","","","","","","","","","","","","","","","","","","","","","",
"Guinea","GIN","Survey mean consumption or income per capita, total population (2011 PPP $ per day)","SI.SPR.PCAP","","","","","","","","","","","","","","","","","","","","","","","","","","","","","","","","","","","","","","","","","","","","","","","","2.23","","","","","2.84","","","","","","","","",
"Gambia, The","GMB","Survey mean consumption or income per capita, total population (2011 PPP $ per day)","SI.SPR.PCAP","","","","","","","","","","","","","","","","","","","","","","","","","","","","","","","","","","","","","","","","","","","","","","","","","","","5.01","","","","","4.89","","","","","",
"Guinea-Bissau","GNB","Survey mean consumption or income per capita, total population (2011 PPP $ per day)","SI.SPR.PCAP","","","","","","","","","","","","","","","","","","","","","","","","","","","","","","","","","","","","","","","","","","","","","","","","","","","","","","","","","","","","","",
"Equatorial Guinea","GNQ","Survey mean consumption or income per capita, total population (2011 PPP $ per day)","SI.SPR.PCAP","","","","","","","","","","","","","","","","","","","","","","","","","","","","","","","","","","","","","","","","","","","","","","","","","","","","","","","","","","","","","",
"Greece","GRC","Survey mean consumption or income per capita, total population (2011 PPP $ per day)","SI.SPR.PCAP","","","","","","","","","","","","","","","","","","","","","","","","","","","","","","","","","","","","","","","","","","","","","","","","","","","","","","","21.01","","","","","24.41","",
"Grenada","GRD","Survey mean consumption or income per capita, total population (2011 PPP $ per day)","SI.SPR.PCAP","","","","","","","","","","","","","","","","","","","","","","","","","","","","","","","","","","","","","","","","","","","","","","","","","","","","","","","","","","","","","",
"Greenland","GRL","Survey mean consumption or income per capita, total population (2011 PPP $ per day)","SI.SPR.PCAP","","","","","","","","","","","","","","","","","","","","","","","","","","","","","","","","","","","","","","","","","","","","","","","","","","","","","","","","","","","","","",
"Guatemala","GTM","Survey mean consumption or income per capita, total population (2011 PPP $ per day)","SI.SPR.PCAP","","","","","","","","","","","","","","","","","","","","","","","","","","","","","","","","","","","","","","","","","","","","","","","","","","","","","","","","","","","","","",
"Guam","GUM","Survey mean consumption or income per capita, total population (2011 PPP $ per day)","SI.SPR.PCAP","","","","","","","","","","","","","","","","","","","","","","","","","","","","","","","","","","","","","","","","","","","","","","","","","","","","","","","","","","","","","",
"Guyana","GUY","Survey mean consumption or income per capita, total population (2011 PPP $ per day)","SI.SPR.PCAP","","","","","","","","","","","","","","","","","","","","","","","","","","","","","","","","","","","","","","","","","","","","","","","","","","","","","","","","","","","","","",
"High income","HIC","Survey mean consumption or income per capita, total population (2011 PPP $ per day)","SI.SPR.PCAP","","","","","","","","","","","","","","","","","","","","","","","","","","","","","","","","","","","","","","","","","","","","","","","","","","","","","","","","","","","","","",
"Hong Kong SAR, China","HKG","Survey mean consumption or income per capita, total population (2011 PPP $ per day)","SI.SPR.PCAP","","","","","","","","","","","","","","","","","","","","","","","","","","","","","","","","","","","","","","","","","","","","","","","","","","","","","","","","","","","","","",
"Honduras","HND","Survey mean consumption or income per capita, total population (2011 PPP $ per day)","SI.SPR.PCAP","","","","","","","","","","","","","","","","","","","","","","","","","","","","","","","","","","","","","","","","","","","","","","","","","","","","","","","8.01","","","","","8.27","",
"Heavily indebted poor countries (HIPC)","HPC","Survey mean consumption or income per capita, total population (2011 PPP $ per day)","SI.SPR.PCAP","","","","","","","","","","","","","","","","","","","","","","","","","","","","","","","","","","","","","","","","","","","","","","","","","","","","","","","","","","","","","",
"Croatia","HRV","Survey mean consumption or income per capita, total population (2011 PPP $ per day)","SI.SPR.PCAP","","","","","","","","","","","","","","","","","","","","","","","","","","","","","","","","","","","","","","","","","","","","","","","","","","","","","","","18.5","","","","","25","",
"Haiti","HTI","Survey mean consumption or income per capita, total population (2011 PPP $ per day)","SI.SPR.PCAP","","","","","","","","","","","","","","","","","","","","","","","","","","","","","","","","","","","","","","","","","","","","","","","","","","","","","","","","","","","","","",
"Hungary","HUN","Survey mean consumption or income per capita, total population (2011 PPP $ per day)","SI.SPR.PCAP","","","","","","","","","","","","","","","","","","","","","","","","","","","","","","","","","","","","","","","","","","","","","","","","","","","","","","","20.48","","","","","27.57","",
"IBRD only","IBD","Survey mean consumption or income per capita, total population (2011 PPP $ per day)","SI.SPR.PCAP","","","","","","","","","","","","","","","","","","","","","","","","","","","","","","","","","","","","","","","","","","","","","","","","","","","","","","","","","","","","","",
"IDA & IBRD total","IBT","Survey mean consumption or income per capita, total population (2011 PPP $ per day)","SI.SPR.PCAP","","","","","","","","","","","","","","","","","","","","","","","","","","","","","","","","","","","","","","","","","","","","","","","","","","","","","","","","","","","","","",
"IDA total","IDA","Survey mean consumption or income per capita, total population (2011 PPP $ per day)","SI.SPR.PCAP","","","","","","","","","","","","","","","","","","","","","","","","","","","","","","","","","","","","","","","","","","","","","","","","","","","","","","","","","","","","","",
"IDA blend","IDB","Survey mean consumption or income per capita, total population (2011 PPP $ per day)","SI.SPR.PCAP","","","","","","","","","","","","","","","","","","","","","","","","","","","","","","","","","","","","","","","","","","","","","","","","","","","","","","","","","","","","","",
"Indonesia","IDN","Survey mean consumption or income per capita, total population (2011 PPP $ per day)","SI.SPR.PCAP","","","","","","","","","","","","","","","","","","","","","","","","","","","","","","","","","","","","","","","","","","","","","","","","","","","","","","","","5.97","","","","6.93","",
"IDA only","IDX","Survey mean consumption or income per capita, total population (2011 PPP $ per day)","SI.SPR.PCAP","","","","","","","","","","","","","","","","","","","","","","","","","","","","","","","","","","","","","","","","","","","","","","","","","","","","","","","","","","","","","",
"Isle of Man","IMN","Survey mean consumption or income per capita, total population (2011 PPP $ per day)","SI.SPR.PCAP","","","","","","","","","","","","","","","","","","","","","","","","","","","","","","","","","","","","","","","","","","","","","","","","","","","","","","","","","","","","","",
"India","IND","Survey mean consumption or income per capita, total population (2011 PPP $ per day)","SI.SPR.PCAP","","","","","","","","","","","","","","","","","","","","","","","","","","","","","","","","","","","","","","","","","","","","","2.76","","","","","","","3.55","","","","","","","","","",
"Not classified","INX","Survey mean consumption or income per capita, total population (2011 PPP $ per day)","SI.SPR.PCAP","","","","","","","","","","","","","","","","","","","","","","","","","","","","","","","","","","","","","","","","","","","","","","","","","","","","","","","","","","","","","",
"Ireland","IRL","Survey mean consumption or income per capita, total population (2011 PPP $ per day)","SI.SPR.PCAP","","","","","","","","","","","","","","","","","","","","","","","","","","","","","","","","","","","","","","","","","","","","","","","","","","","","","","42.5","","","","","53.47","","",
"Iran, Islamic Rep.","IRN","Survey mean consumption or income per capita, total population (2011 PPP $ per day)","SI.SPR.PCAP","","","","","","","","","","","","","","","","","","","","","","","","","","","","","","","","","","","","","","","","","","","","","","","","","","","","","","","14.96","","","","","13.95","",
"Iraq","IRQ","Survey mean consumption or income per capita, total population (2011 PPP $ per day)","SI.SPR.PCAP","","","","","","","","","","","","","","","","","","","","","","","","","","","","","","","","","","","","","","","","","","","","","","","5.94","","","","","","6.28","","","","","","","","",
"Iceland","ISL","Survey mean consumption or income per capita, total population (2011 PPP $ per day)","SI.SPR.PCAP","","","","","","","","","","","","","","","","","","","","","","","","","","","","","","","","","","","","","","","","","","","","","","","","","","","","","45.84","","","","","59.24","","","",
"Israel","ISR","Survey mean consumption or income per capita, total population (2011 PPP $ per day)","SI.SPR.PCAP","","","","","","","","","","","","","","","","","","","","","","","","","","","","","","","","","","","","","","","","","","","","","","","","","","","","","","34.27","","","","","39.39","","",
"Italy","ITA","Survey mean consumption or income per capita, total population (2011 PPP $ per day)","SI.SPR.PCAP","","","","","","","","","","","","","","","","","","","","","","","","","","","","","","","","","","","","","","","","","","","","","","","","","","","","","","39.98","","","","","42.71","","",
"Jamaica","JAM","Survey mean consumption or income per capita, total population (2011 PPP $ per day)","SI.SPR.PCAP","","","","","","","","","","","","","","","","","","","","","","","","","","","","","","","","","","","","","","","","","","","","","","","","","","","","","","","","","","","","","",
"Jordan","JOR","Survey mean consumption or income per capita, total population (2011 PPP $ per day)","SI.SPR.PCAP","","","","","","","","","","","","","","","","","","","","","","","","","","","","","","","","","","","","","","","","","","","","","","","","","9.81","","11.03","","","","","","","","","","",
"Japan","JPN","Survey mean consumption or income per capita, total population (2011 PPP $ per day)","SI.SPR.PCAP","","","","","","","","","","","","","","","","","","","","","","","","","","","","","","","","","","","","","","","","","","","","","","","","","","","","","","","","","","","","","",
"Kazakhstan","KAZ","Survey mean consumption or income per capita, total population (2011 PPP $ per day)","SI.SPR.PCAP","","","","","","","","","","","","","","","","","","","","","","","","","","","","","","","","","","","","","","","","","","","","","","","","","","","","","","12.76","","","","","12.61","","",
"Kenya","KEN","Survey mean consumption or income per capita, total population (2011 PPP $ per day)","SI.SPR.PCAP","","","","","","","","","","","","","","","","","","","","","","","","","","","","","","","","","","","","","","","","","","","","","","","","","","","","","","","","","","","","","",
"Kyrgyz Republic","KGZ","Survey mean consumption or income per capita, total population (2011 PPP $ per day)","SI.SPR.PCAP","","","","","","","","","","","","","","","","","","","","","","","","","","","","","","","","","","","","","","","","","","","","","","","","","","","","","","","","5.58","","","","","5.9",
"Cambodia","KHM","Survey mean consumption or income per capita, total population (2011 PPP $ per day)","SI.SPR.PCAP","","","","","","","","","","","","","","","","","","","","","","","","","","","","","","","","","","","","","","","","","","","","","","","","","","","","","","","","","","","","","",
"Kiribati","KIR","Survey mean consumption or income per capita, total population (2011 PPP $ per day)","SI.SPR.PCAP","","","","","","","","","","","","","","","","","","","","","","","","","","","","","","","","","","","","","","","","","","","","","","","","","","","","","","","","","","","","","",
"St. Kitts and Nevis","KNA","Survey mean consumption or income per capita, total population (2011 PPP $ per day)","SI.SPR.PCAP","","","","","","","","","","","","","","","","","","","","","","","","","","","","","","","","","","","","","","","","","","","","","","","","","","","","","","","","","","","","","",
"Korea, Rep.","KOR","Survey mean consumption or income per capita, total population (2011 PPP $ per day)","SI.SPR.PCAP","","","","","","","","","","","","","","","","","","","","","","","","","","","","","","","","","","","","","","","","","","","","","","","","","","","","","39.22","","","","42.88","","","","",
"Kuwait","KWT","Survey mean consumption or income per capita, total population (2011 PPP $ per day)","SI.SPR.PCAP","","","","","","","","","","","","","","","","","","","","","","","","","","","","","","","","","","","","","","","","","","","","","","","","","","","","","","","","","","","","","",
"Latin America & Caribbean (excluding high income)","LAC","Survey mean consumption or income per capita, total population (2011 PPP $ per day)","SI.SPR.PCAP","","","","","","","","","","","","","","","","","","","","","","","","","","","","","","","","","","","","","","","","","","","","","","","","","","","","","","","","","","","","","",
"Lao PDR","LAO","Survey mean consumption or income per capita, total population (2011 PPP $ per day)","SI.SPR.PCAP","","","","","","","","","","","","","","","","","","","","","","","","","","","","","","","","","","","","","","","","","","","","","","","","","","","","","4.36","","","","","","5.25","","",
"Lebanon","LBN","Survey mean consumption or income per capita, total population (2011 PPP $ per day)","SI.SPR.PCAP","","","","","","","","","","","","","","","","","","","","","","","","","","","","","","","","","","","","","","","","","","","","","","","","","","","","","","","","","","","","","",
"Liberia","LBR","Survey mean consumption or income per capita, total population (2011 PPP $ per day)","SI.SPR.PCAP","","","","","","","","","","","","","","","","","","","","","","","","","","","","","","","","","","","","","","","","","","","","","","","","","","","","","","","","","","","","","",
"Libya","LBY","Survey mean consumption or income per capita, total population (2011 PPP $ per day)","SI.SPR.PCAP","","","","","","","","","","","","","","","","","","","","","","","","","","","","","","","","","","","","","","","","","","","","","","","","","","","","","","","","","","","","","",
"St. Lucia","LCA","Survey mean consumption or income per capita, total population (2011 PPP $ per day)","SI.SPR.PCAP","","","","","","","","","","","","","","","","","","","","","","","","","","","","","","","","","","","","","","","","","","","","","","","","","","","","","","","","","","","","","",
"Latin America & Caribbean","LCN","Survey mean consumption or income per capita, total population (2011 PPP $ per day)","SI.SPR.PCAP","","","","","","","","","","","","","","","","","","","","","","","","","","","","","","","","","","","","","","","","","","","","","","","","","","","","","","","","","","","","","",
"Least developed countries: UN classification","LDC","Survey mean consumption or income per capita, total population (2011 PPP $ per day)","SI.SPR.PCAP","","","","","","","","","","","","","","","","","","","","","","","","","","","","","","","","","","","","","","","","","","","","","","","","","","","","","","","","","","","","","",
"Low income","LIC","Survey mean consumption or income per capita, total population (2011 PPP $ per day)","SI.SPR.PCAP","","","","","","","","","","","","","","","","","","","","","","","","","","","","","","","","","","","","","","","","","","","","","","","","","","","","","","","","","","","","","",
"Liechtenstein","LIE","Survey mean consumption or income per capita, total population (2011 PPP $ per day)","SI.SPR.PCAP","","","","","","","","","","","","","","","","","","","","","","","","","","","","","","","","","","","","","","","","","","","","","","","","","","","","","","","","","","","","","",
"Sri Lanka","LKA","Survey mean consumption or income per capita, total population (2011 PPP $ per day)","SI.SPR.PCAP","","","","","","","","","","","","","","","","","","","","","","","","","","","","","","","","","","","","","","","","","","","","","","","","","","","","","7.38","","","","8.5","","","","",
"Lower middle income","LMC","Survey mean consumption or income per capita, total population (2011 PPP $ per day)","SI.SPR.PCAP","","","","","","","","","","","","","","","","","","","","","","","","","","","","","","","","","","","","","","","","","","","","","","","","","","","","","","","","","","","","","",
"Low & middle income","LMY","Survey mean consumption or income per capita, total population (2011 PPP $ per day)","SI.SPR.PCAP","","","","","","","","","","","","","","","","","","","","","","","","","","","","","","","","","","","","","","","","","","","","","","","","","","","","","","","","","","","","","",
"Lesotho","LSO","Survey mean consumption or income per capita, total population (2011 PPP $ per day)","SI.SPR.PCAP","","","","","","","","","","","","","","","","","","","","","","","","","","","","","","","","","","","","","","","","","","","","","","","","","","","","","","","","","","","","","",
"Late-demographic dividend","LTE","Survey mean consumption or income per capita, total population (2011 PPP $ per day)","SI.SPR.PCAP","","","","","","","","","","","","","","","","","","","","","","","","","","","","","","","","","","","","","","","","","","","","","","","","","","","","","","","","","","","","","",
"Lithuania","LTU","Survey mean consumption or income per capita, total population (2011 PPP $ per day)","SI.SPR.PCAP","","","","","","","","","","","","","","","","","","","","","","","","","","","","","","","","","","","","","","","","","","","","","","","","","","","","","","","22.87","","","","","33.91","",
"Luxembourg","LUX","Survey mean consumption or income per capita, total population (2011 PPP $ per day)","SI.SPR.PCAP","","","","","","","","","","","","","","","","","","","","","","","","","","","","","","","","","","","","","","","","","","","","","","","","","","","","","","","71.87","","","","","76.81","",
"Latvia","LVA","Survey mean consumption or income per capita, total population (2011 PPP $ per day)","SI.SPR.PCAP","","","","","","","","","","","","","","","","","","","","","","","","","","","","","","","","","","","","","","","","","","","","","","","","","","","","","","","21.71","","","","","30.04","",
"Macao SAR, China","MAC","Survey mean consumption or income per capita, total population (2011 PPP $ per day)","SI.SPR.PCAP","","","","","","","","","","","","","","","","","","","","","","","","","","","","","","","","","","","","","","","","","","","","","","","","","","","","","","","","","","","","","",
"St. Martin (French part)","MAF","Survey mean consumption or income per capita, total population (2011 PPP $ per day)","SI.SPR.PCAP","","","","","","","","","","","","","","","","","","","","","","","","","","","","","","","","","","","","","","","","","","","","","","","","","","","","","","","","","","","","","",
"Morocco","MAR","Survey mean consumption or income per capita, total population (2011 PPP $ per day)","SI.SPR.PCAP","","","","","","","","","","","","","","","","","","","","","","","","","","","","","","","","","","","","","","","","","","","","","","","","","","","","","","","","","","","","","",
"Monaco","MCO","Survey mean consumption or income per capita, total population (2011 PPP $ per day)","SI.SPR.PCAP","","","","","","","","","","","","","","","","","","","","","","","","","","","","","","","","","","","","","","","","","","","","","","","","","","","","","","","","","","","","","",
"Moldova","MDA","Survey mean consumption or income per capita, total population (2011 PPP $ per day)","SI.SPR.PCAP","","","","","","","","","","","","","","","","","","","","","","","","","","","","","","","","","","","","","","","","","","","","","","","","","","","","","","","9.44","","","","","10.01","",
"Madagascar","MDG","Survey mean consumption or income per capita, total population (2011 PPP $ per day)","SI.SPR.PCAP","","","","","","","","","","","","","","","","","","","","","","","","","","","","","","","","","","","","","","","","","","","","","","","","","","","1.59","","1.49","","","","","","","","",
"Maldives","MDV","Survey mean consumption or income per capita, total population (2011 PPP $ per day)","SI.SPR.PCAP","","","","","","","","","","","","","","","","","","","","","","","","","","","","","","","","","","","","","","","","","","","","","","","","","","","","","","","","","","","","","",
"Middle East & North Africa","MEA","Survey mean consumption or income per capita, total population (2011 PPP $ per day)","SI.SPR.PCAP","","","","","","","","","","","","","","","","","","","","","","","","","","","","","","","","","","","","","","","","","","","","","","","","","","","","","","","","","","","","","",
"Mexico","MEX","Survey mean consumption or income per capita, total population (2011 PPP $ per day)","SI.SPR.PCAP","","","","","","","","","","","","","","","","","","","","","","","","","","","","","","","","","","","","","","","","","","","","","","","","","","","","","","","","","12.66","","","","12.32",
"Marshall Islands","MHL","Survey mean consumption or income per capita, total population (2011 PPP $ per day)","SI.SPR.PCAP","","","","","","","","","","","","","","","","","","","","","","","","","","","","","","","","","","","","","","","","","","","","","","","","","","","","","","","","","","","","","",
"Middle income","MIC","Survey mean consumption or income per capita, total population (2011 PPP $ per day)","SI.SPR.PCAP","","","","","","","","","","","","","","","","","","","","","","","","","","","","","","","","","","","","","","","","","","","","","","","","","","","","","","","","","","","","","",
"North Macedonia","MKD","Survey mean consumption or income per capita, total population (2011 PPP $ per day)","SI.SPR.PCAP","","","","","","","","","","","","","","","","","","","","","","","","","","","","","","","","","","","","","","","","","","","","","","","","","","","","","","9.46","","","","","12.04","","",
"Mali","MLI","Survey mean consumption or income per capita, total population (2011 PPP $ per day)","SI.SPR.PCAP","","","","","","","","","","","","","","","","","","","","","","","","","","","","","","","","","","","","","","","","","","","","","","","2.49","","","2.36","","","","","","","","","","","",
"Malta","MLT","Survey mean consumption or income per capita, total population (2011 PPP $ per day)","SI.SPR.PCAP","","","","","","","","","","","","","","","","","","","","","","","","","","","","","","","","","","","","","","","","","","","","","","","","","","","","","","","42.02","","","","","50.48","",
"Myanmar","MMR","Survey mean consumption or income per capita, total population (2011 PPP $ per day)","SI.SPR.PCAP","","","","","","","","","","","","","","","","","","","","","","","","","","","","","","","","","","","","","","","","","","","","","","","","","","","","","","","","6.13","","6.29","","","",
"Middle East & North Africa (excluding high income)","MNA","Survey mean consumption or income per capita, total population (2011 PPP $ per day)","SI.SPR.PCAP","","","","","","","","","","","","","","","","","","","","","","","","","","","","","","","","","","","","","","","","","","","","","","","","","","","","","","","","","","","","","",
"Montenegro","MNE","Survey mean consumption or income per capita, total population (2011 PPP $ per day)","SI.SPR.PCAP","","","","","","","","","","","","","","","","","","","","","","","","","","","","","","","","","","","","","","","","","","","","","","","","","","","","","","13.37","","","","","14.69","","",
"Mongolia","MNG","Survey mean consumption or income per capita, total population (2011 PPP $ per day)","SI.SPR.PCAP","","","","","","","","","","","","","","","","","","","","","","","","","","","","","","","","","","","","","","","","","","","","","","","","","","","","","","","10.7","","","","9.42","","",
"Northern Mariana Islands","MNP","Survey mean consumption or income per capita, total population (2011 PPP $ per day)","SI.SPR.PCAP","","","","","","","","","","","","","","","","","","","","","","","","","","","","","","","","","","","","","","","","","","","","","","","","","","","","","","","","","","","","","",
"Mozambique","MOZ","Survey mean consumption or income per capita, total population (2011 PPP $ per day)","SI.SPR.PCAP","","","","","","","","","","","","","","","","","","","","","","","","","","","","","","","","","","","","","","","","","","","","","","","","","1.92","","","","","","2.6","","","","","","",
"Mauritania","MRT","Survey mean consumption or income per capita, total population (2011 PPP $ per day)","SI.SPR.PCAP","","","","","","","","","","","","","","","","","","","","","","","","","","","","","","","","","","","","","","","","","","","","","","","","","5.25","","","","","","5.74","","","","","","",
"Mauritius","MUS","Survey mean consumption or income per capita, total population (2011 PPP $ per day)","SI.SPR.PCAP","","","","","","","","","","","","","","","","","","","","","","","","","","","","","","","","","","","","","","","","","","","","","","","","","","","","","12.32","","","","","13.62","","","",
"Malawi","MWI","Survey mean consumption or income per capita, total population (2011 PPP $ per day)","SI.SPR.PCAP","","","","","","","","","","","","","","","","","","","","","","","","","","","","","","","","","","","","","","","","","","","","","","","","","","","","","","","","","2.06","","","1.71","",
"Malaysia","MYS","Survey mean consumption or income per capita, total population (2011 PPP $ per day)","SI.SPR.PCAP","","","","","","","","","","","","","","","","","","","","","","","","","","","","","","","","","","","","","","","","","","","","","","","","","","","","21.76","","","","27.57","","","","","",
"North America","NAC","Survey mean consumption or income per capita, total population (2011 PPP $ per day)","SI.SPR.PCAP","","","","","","","","","","","","","","","","","","","","","","","","","","","","","","","","","","","","","","","","","","","","","","","","","","","","","","","","","","","","","",
"Namibia","NAM","Survey mean consumption or income per capita, total population (2011 PPP $ per day)","SI.SPR.PCAP","","","","","","","","","","","","","","","","","","","","","","","","","","","","","","","","","","","","","","","","","","","","","","","","","","7.63","","","","","","11.02","","","","","",
"New Caledonia","NCL","Survey mean consumption or income per capita, total population (2011 PPP $ per day)","SI.SPR.PCAP","","","","","","","","","","","","","","","","","","","","","","","","","","","","","","","","","","","","","","","","","","","","","","","","","","","","","","","","","","","","","",
"Niger","NER","Survey mean consumption or income per capita, total population (2011 PPP $ per day)","SI.SPR.PCAP","","","","","","","","","","","","","","","","","","","","","","","","","","","","","","","","","","","","","","","","","","","","","","","","","","","","2.33","","","2.57","","","","","","",
"Nigeria","NGA","Survey mean consumption or income per capita, total population (2011 PPP $ per day)","SI.SPR.PCAP","","","","","","","","","","","","","","","","","","","","","","","","","","","","","","","","","","","","","","","","","","","","","","","","","","","","","","","","","","","","","",
"Nicaragua","NIC","Survey mean consumption or income per capita, total population (2011 PPP $ per day)","SI.SPR.PCAP","","","","","","","","","","","","","","","","","","","","","","","","","","","","","","","","","","","","","","","","","","","","","","","","","","7.82","","","","","10.72","","","","","","",
"Netherlands","NLD","Survey mean consumption or income per capita, total population (2011 PPP $ per day)","SI.SPR.PCAP","","","","","","","","","","","","","","","","","","","","","","","","","","","","","","","","","","","","","","","","","","","","","","","","","","","","","","","48.78","","","","","56.03","",
"Norway","NOR","Survey mean consumption or income per capita, total population (2011 PPP $ per day)","SI.SPR.PCAP","","","","","","","","","","","","","","","","","","","","","","","","","","","","","","","","","","","","","","","","","","","","","","","","","","","","","","","70.05","","","","","71.3","",
"Nepal","NPL","Survey mean consumption or income per capita, total population (2011 PPP $ per day)","SI.SPR.PCAP","","","","","","","","","","","","","","","","","","","","","","","","","","","","","","","","","","","","","","","","","","","","2.85","","","","","","","3.91","","","","","","","","","","",
"Nauru","NRU","Survey mean consumption or income per capita, total population (2011 PPP $ per day)","SI.SPR.PCAP","","","","","","","","","","","","","","","","","","","","","","","","","","","","","","","","","","","","","","","","","","","","","","","","","","","","","","","","","","","","","",
"New Zealand","NZL","Survey mean consumption or income per capita, total population (2011 PPP $ per day)","SI.SPR.PCAP","","","","","","","","","","","","","","","","","","","","","","","","","","","","","","","","","","","","","","","","","","","","","","","","","","","","","","","","","","","","","",
"OECD members","OED","Survey mean consumption or income per capita, total population (2011 PPP $ per day)","SI.SPR.PCAP","","","","","","","","","","","","","","","","","","","","","","","","","","","","","","","","","","","","","","","","","","","","","","","","","","","","","","","","","","","","","",
"Oman","OMN","Survey mean consumption or income per capita, total population (2011 PPP $ per day)","SI.SPR.PCAP","","","","","","","","","","","","","","","","","","","","","","","","","","","","","","","","","","","","","","","","","","","","","","","","","","","","","","","","","","","","","",
"Other small states","OSS","Survey mean consumption or income per capita, total population (2011 PPP $ per day)","SI.SPR.PCAP","","","","","","","","","","","","","","","","","","","","","","","","","","","","","","","","","","","","","","","","","","","","","","","","","","","","","","","","","","","","","",
"Pakistan","PAK","Survey mean consumption or income per capita, total population (2011 PPP $ per day)","SI.SPR.PCAP","","","","","","","","","","","","","","","","","","","","","","","","","","","","","","","","","","","","","","","","","","","","","","","","","","","","","","4.35","","","","","4.63","","",
"Panama","PAN","Survey mean consumption or income per capita, total population (2011 PPP $ per day)","SI.SPR.PCAP","","","","","","","","","","","","","","","","","","","","","","","","","","","","","","","","","","","","","","","","","","","","","","","","","","","","","","","21.52","","","","","26.79","",
"Peru","PER","Survey mean consumption or income per capita, total population (2011 PPP $ per day)","SI.SPR.PCAP","","","","","","","","","","","","","","","","","","","","","","","","","","","","","","","","","","","","","","","","","","","","","","","","","","","","","","","","12.86","","","","","10.8",
"Philippines","PHL","Survey mean consumption or income per capita, total population (2011 PPP $ per day)","SI.SPR.PCAP","","","","","","","","","","","","","","","","","","","","","","","","","","","","","","","","","","","","","","","","","","","","","","","","","","","","","","","","7.57","","","8.36","","",
"Palau","PLW","Survey mean consumption or income per capita, total population (2011 PPP $ per day)","SI.SPR.PCAP","","","","","","","","","","","","","","","","","","","","","","","","","","","","","","","","","","","","","","","","","","","","","","","","","","","","","","","","","","","","","",
"Papua New Guinea","PNG","Survey mean consumption or income per capita, total population (2011 PPP $ per day)","SI.SPR.PCAP","","","","","","","","","","","","","","","","","","","","","","","","","","","","","","","","","","","","","","","","","","","","","","","","","","","","","","","","","","","","","",
"Poland","POL","Survey mean consumption or income per capita, total population (2011 PPP $ per day)","SI.SPR.PCAP","","","","","","","","","","","","","","","","","","","","","","","","","","","","","","","","","","","","","","","","","","","","","","","","","","","","","","23.4","","","","","29.87","","",
"Pre-demographic dividend","PRE","Survey mean consumption or income per capita, total population (2011 PPP $ per day)","SI.SPR.PCAP","","","","","","","","","","","","","","","","","","","","","","","","","","","","","","","","","","","","","","","","","","","","","","","","","","","","","","","","","","","","","",
"Puerto Rico","PRI","Survey mean consumption or income per capita, total population (2011 PPP $ per day)","SI.SPR.PCAP","","","","","","","","","","","","","","","","","","","","","","","","","","","","","","","","","","","","","","","","","","","","","","","","","","","","","","","","","","","","","",
"Korea, Dem. People's Rep.","PRK","Survey mean consumption or income per capita, total population (2011 PPP $ per day)","SI.SPR.PCAP","","","","","","","","","","","","","","","","","","","","","","","","","","","","","","","","","","","","","","","","","","","","","","","","","","","","","","","","","","","","","",
"Portugal","PRT","Survey mean consumption or income per capita, total population (2011 PPP $ per day)","SI.SPR.PCAP","","","","","","","","","","","","","","","","","","","","","","","","","","","","","","","","","","","","","","","","","","","","","","","","","","","","","","","26","","","","","31.89","",
"Paraguay","PRY","Survey mean consumption or income per capita, total population (2011 PPP $ per day)","SI.SPR.PCAP","","","","","","","","","","","","","","","","","","","","","","","","","","","","","","","","","","","","","","","","","","","","","","","","","","","","","","","","17.32","","","","","15.67",
"West Bank and Gaza","PSE","Survey mean consumption or income per capita, total population (2011 PPP $ per day)","SI.SPR.PCAP","","","","","","","","","","","","","","","","","","","","","","","","","","","","","","","","","","","","","","","","","","","","","","","","","","","","11.21","","","","","10.86","","","","",
"Pacific island small states","PSS","Survey mean consumption or income per capita, total population (2011 PPP $ per day)","SI.SPR.PCAP","","","","","","","","","","","","","","","","","","","","","","","","","","","","","","","","","","","","","","","","","","","","","","","","","","","","","","","","","","","","","",
"Post-demographic dividend","PST","Survey mean consumption or income per capita, total population (2011 PPP $ per day)","SI.SPR.PCAP","","","","","","","","","","","","","","","","","","","","","","","","","","","","","","","","","","","","","","","","","","","","","","","","","","","","","","","","","","","","","",
"French Polynesia","PYF","Survey mean consumption or income per capita, total population (2011 PPP $ per day)","SI.SPR.PCAP","","","","","","","","","","","","","","","","","","","","","","","","","","","","","","","","","","","","","","","","","","","","","","","","","","","","","","","","","","","","","",
"Qatar","QAT","Survey mean consumption or income per capita, total population (2011 PPP $ per day)","SI.SPR.PCAP","","","","","","","","","","","","","","","","","","","","","","","","","","","","","","","","","","","","","","","","","","","","","","","","","","","","","","","","","","","","","",
"Romania","ROU","Survey mean consumption or income per capita, total population (2011 PPP $ per day)","SI.SPR.PCAP","","","","","","","","","","","","","","","","","","","","","","","","","","","","","","","","","","","","","","","","","","","","","","","","","","","","","","","10.54","","","","","19.79","",
"Russian Federation","RUS","Survey mean consumption or income per capita, total population (2011 PPP $ per day)","SI.SPR.PCAP","","","","","","","","","","","","","","","","","","","","","","","","","","","","","","","","","","","","","","","","","","","","","","","","","","","","","","","","20.1","","","","","19.64",
"Rwanda","RWA","Survey mean consumption or income per capita, total population (2011 PPP $ per day)","SI.SPR.PCAP","","","","","","","","","","","","","","","","","","","","","","","","","","","","","","","","","","","","","","","","","","","","","","","","","","","","","","2.55","","","2.54","","","","",
"South Asia","SAS","Survey mean consumption or income per capita, total population (2011 PPP $ per day)","SI.SPR.PCAP","","","","","","","","","","","","","","","","","","","","","","","","","","","","","","","","","","","","","","","","","","","","","","","","","","","","","","","","","","","","","",
"Saudi Arabia","SAU","Survey mean consumption or income per capita, total population (2011 PPP $ per day)","SI.SPR.PCAP","","","","","","","","","","","","","","","","","","","","","","","","","","","","","","","","","","","","","","","","","","","","","","","","","","","","","","","","","","","","","",
"Sudan","SDN","Survey mean consumption or income per capita, total population (2011 PPP $ per day)","SI.SPR.PCAP","","","","","","","","","","","","","","","","","","","","","","","","","","","","","","","","","","","","","","","","","","","","","","","","","","","","","","","","","","","","","",
"Senegal","SEN","Survey mean consumption or income per capita, total population (2011 PPP $ per day)","SI.SPR.PCAP","","","","","","","","","","","","","","","","","","","","","","","","","","","","","","","","","","","","","","","","","","","","","","3.07","","","","","","3.12","","","","","","","","","",
"Singapore","SGP","Survey mean consumption or income per capita, total population (2011 PPP $ per day)","SI.SPR.PCAP","","","","","","","","","","","","","","","","","","","","","","","","","","","","","","","","","","","","","","","","","","","","","","","","","","","","","","","","","","","","","",
"Solomon Islands","SLB","Survey mean consumption or income per capita, total population (2011 PPP $ per day)","SI.SPR.PCAP","","","","","","","","","","","","","","","","","","","","","","","","","","","","","","","","","","","","","","","","","","","","","","","","","","","","","","","","","","","","","",
"Sierra Leone","SLE","Survey mean consumption or income per capita, total population (2011 PPP $ per day)","SI.SPR.PCAP","","","","","","","","","","","","","","","","","","","","","","","","","","","","","","","","","","","","","","","","","","","","","","","","","","","","2.26","","","","","","","2.75","","",
"El Salvador","SLV","Survey mean consumption or income per capita, total population (2011 PPP $ per day)","SI.SPR.PCAP","","","","","","","","","","","","","","","","","","","","","","","","","","","","","","","","","","","","","","","","","","","","","","","","","","","","","","","9.75","","","","","11.87","",
"San Marino","SMR","Survey mean consumption or income per capita, total population (2011 PPP $ per day)","SI.SPR.PCAP","","","","","","","","","","","","","","","","","","","","","","","","","","","","","","","","","","","","","","","","","","","","","","","","","","","","","","","","","","","","","",
"Somalia","SOM","Survey mean consumption or income per capita, total population (2011 PPP $ per day)","SI.SPR.PCAP","","","","","","","","","","","","","","","","","","","","","","","","","","","","","","","","","","","","","","","","","","","","","","","","","","","","","","","","","","","","","",
"Serbia","SRB","Survey mean consumption or income per capita, total population (2011 PPP $ per day)","SI.SPR.PCAP","","","","","","","","","","","","","","","","","","","","","","","","","","","","","","","","","","","","","","","","","","","","","","","","","","","","","","11.38","","","","12.07","","","",
"Sub-Saharan Africa (excluding high income)","SSA","Survey mean consumption or income per capita, total population (2011 PPP $ per day)","SI.SPR.PCAP","","","","","","","","","","","","","","","","","","","","","","","","","","","","","","","","","","","","","","","","","","","","","","","","","","","","","","","","","","","","","",
"South Sudan","SSD","Survey mean consumption or income per capita, total population (2011 PPP $ per day)","SI.SPR.PCAP","","","","","","","","","","","","","","","","","","","","","","","","","","","","","","","","","","","","","","","","","","","","","","","","","","","","","","","","","","","","","",
"Sub-Saharan Africa","SSF","Survey mean consumption or income per capita, total population (2011 PPP $ per day)","SI.SPR.PCAP","","","","","","","","","","","","","","","","","","","","","","","","","","","","","","","","","","","","","","","","","","","","","","","","","","","","","","","","","","","","","",
"Small states","SST","Survey mean consumption or income per capita, total population (2011 PPP $ per day)","SI.SPR.PCAP","","","","","","","","","","","","","","","","","","","","","","","","","","","","","","","","","","","","","","","","","","","","","","","","","","","","","","","","","","","","","",
"Sao Tome and Principe","STP","Survey mean consumption or income per capita, total population (2011 PPP $ per day)","SI.SPR.PCAP","","","","","","","","","","","","","","","","","","","","","","","","","","","","","","","","","","","","","","","","","","","","","","","","","","","","","","","","","","","","","",
"Suriname","SUR","Survey mean consumption or income per capita, total population (2011 PPP $ per day)","SI.SPR.PCAP","","","","","","","","","","","","","","","","","","","","","","","","","","","","","","","","","","","","","","","","","","","","","","","","","","","","","","","","","","","","","",
"Slovak Republic","SVK","Survey mean consumption or income per capita, total population (2011 PPP $ per day)","SI.SPR.PCAP","","","","","","","","","","","","","","","","","","","","","","","","","","","","","","","","","","","","","","","","","","","","","","","","","","","","","","","22.31","","","","","25.74","",
"Slovenia","SVN","Survey mean consumption or income per capita, total population (2011 PPP $ per day)","SI.SPR.PCAP","","","","","","","","","","","","","","","","","","","","","","","","","","","","","","","","","","","","","","","","","","","","","","","","","","","","","","","33.8","","","","","38.84","",
"Sweden","SWE","Survey mean consumption or income per capita, total population (2011 PPP $ per day)","SI.SPR.PCAP","","","","","","","","","","","","","","","","","","","","","","","","","","","","","","","","","","","","","","","","","","","","","","","","","","","","","","","52.55","","","","","56.84","",
"Eswatini","SWZ","Survey mean consumption or income per capita, total population (2011 PPP $ per day)","SI.SPR.PCAP","","","","","","","","","","","","","","","","","","","","","","","","","","","","","","","","","","","","","","","","","","","","","","","","","","3.8","","","","","","","5.73","","","","",
"Sint Maarten (Dutch part)","SXM","Survey mean consumption or income per capita, total population (2011 PPP $ per day)","SI.SPR.PCAP","","","","","","","","","","","","","","","","","","","","","","","","","","","","","","","","","","","","","","","","","","","","","","","","","","","","","","","","","","","","","",
"Seychelles","SYC","Survey mean consumption or income per capita, total population (2011 PPP $ per day)","SI.SPR.PCAP","","","","","","","","","","","","","","","","","","","","","","","","","","","","","","","","","","","","","","","","","","","","","","","","","","","","","","22.04","","","","","20.33","","",
"Syrian Arab Republic","SYR","Survey mean consumption or income per capita, total population (2011 PPP $ per day)","SI.SPR.PCAP","","","","","","","","","","","","","","","","","","","","","","","","","","","","","","","","","","","","","","","","","","","","","","","","","","","","","","","","","","","","","",
"Turks and Caicos Islands","TCA","Survey mean consumption or income per capita, total population (2011 PPP $ per day)","SI.SPR.PCAP","","","","","","","","","","","","","","","","","","","","","","","","","","","","","","","","","","","","","","","","","","","","","","","","","","","","","","","","","","","","","",
"Chad","TCD","Survey mean consumption or income per capita, total population (2011 PPP $ per day)","SI.SPR.PCAP","","","","","","","","","","","","","","","","","","","","","","","","","","","","","","","","","","","","","","","","","","","","","","","","","","","","","","","","","","","","","",
"East Asia & Pacific (IDA & IBRD countries)","TEA","Survey mean consumption or income per capita, total population (2011 PPP $ per day)","SI.SPR.PCAP","","","","","","","","","","","","","","","","","","","","","","","","","","","","","","","","","","","","","","","","","","","","","","","","","","","","","","","","","","","","","",
"Europe & Central Asia (IDA & IBRD countries)","TEC","Survey mean consumption or income per capita, total population (2011 PPP $ per day)","SI.SPR.PCAP","","","","","","","","","","","","","","","","","","","","","","","","","","","","","","","","","","","","","","","","","","","","","","","","","","","","","","","","","","","","","",
"Togo","TGO","Survey mean consumption or income per capita, total population (2011 PPP $ per day)","SI.SPR.PCAP","","","","","","","","","","","","","","","","","","","","","","","","","","","","","","","","","","","","","","","","","","","","","","","","","","","","2.58","","","","2.64","","","","","",
"Thailand","THA","Survey mean consumption or income per capita, total population (2011 PPP $ per day)","SI.SPR.PCAP","","","","","","","","","","","","","","","","","","","","","","","","","","","","","","","","","","","","","","","","","","","","","","","","","","","","","","","","15.53","","","","15.59","",
"Tajikistan","TJK","Survey mean consumption or income per capita, total population (2011 PPP $ per day)","SI.SPR.PCAP","","","","","","","","","","","","","","","","","","","","","","","","","","","","","","","","","","","","","","","","","","","","","","","","","","5.7","","","","","","6.68","","","","","",
"Turkmenistan","TKM","Survey mean consumption or income per capita, total population (2011 PPP $ per day)","SI.SPR.PCAP","","","","","","","","","","","","","","","","","","","","","","","","","","","","","","","","","","","","","","","","","","","","","","","","","","","","","","","","","","","","","",
"Latin America & the Caribbean (IDA & IBRD countries)","TLA","Survey mean consumption or income per capita, total population (2011 PPP $ per day)","SI.SPR.PCAP","","","","","","","","","","","","","","","","","","","","","","","","","","","","","","","","","","","","","","","","","","","","","","","","","","","","","","","","","","","","","",
"Timor-Leste","TLS","Survey mean consumption or income per capita, total population (2011 PPP $ per day)","SI.SPR.PCAP","","","","","","","","","","","","","","","","","","","","","","","","","","","","","","","","","","","","","","","","","","","","","","","","","","","","","","","","","","","","","",
"Middle East & North Africa (IDA & IBRD countries)","TMN","Survey mean consumption or income per capita, total population (2011 PPP $ per day)","SI.SPR.PCAP","","","","","","","","","","","","","","","","","","","","","","","","","","","","","","","","","","","","","","","","","","","","","","","","","","","","","","","","","","","","","",
"Tonga","TON","Survey mean consumption or income per capita, total population (2011 PPP $ per day)","SI.SPR.PCAP","","","","","","","","","","","","","","","","","","","","","","","","","","","","","","","","","","","","","","","","","","","","","","","","","","9.72","","","","","","10.07","","","","","",
"South Asia (IDA & IBRD)","TSA","Survey mean consumption or income per capita, total population (2011 PPP $ per day)","SI.SPR.PCAP","","","","","","","","","","","","","","","","","","","","","","","","","","","","","","","","","","","","","","","","","","","","","","","","","","","","","","","","","","","","","",
"Sub-Saharan Africa (IDA & IBRD countries)","TSS","Survey mean consumption or income per capita, total population (2011 PPP $ per day)","SI.SPR.PCAP","","","","","","","","","","","","","","","","","","","","","","","","","","","","","","","","","","","","","","","","","","","","","","","","","","","","","","","","","","","","","",
"Trinidad and Tobago","TTO","Survey mean consumption or income per capita, total population (2011 PPP $ per day)","SI.SPR.PCAP","","","","","","","","","","","","","","","","","","","","","","","","","","","","","","","","","","","","","","","","","","","","","","","","","","","","","","","","","","","","","",
"Tunisia","TUN","Survey mean consumption or income per capita, total population (2011 PPP $ per day)","SI.SPR.PCAP","","","","","","","","","","","","","","","","","","","","","","","","","","","","","","","","","","","","","","","","","","","","","","","","","","","9.45","","","","","11.17","","","","","",
"Turkey","TUR","Survey mean consumption or income per capita, total population (2011 PPP $ per day)","SI.SPR.PCAP","","","","","","","","","","","","","","","","","","","","","","","","","","","","","","","","","","","","","","","","","","","","","","","","","","","","","","","18.23","","","","","19.61","",
"Tuvalu","TUV","Survey mean consumption or income per capita, total population (2011 PPP $ per day)","SI.SPR.PCAP","","","","","","","","","","","","","","","","","","","","","","","","","","","","","","","","","","","","","","","","","","","","","","","","","","","","","","","","","","","","","",
"Tanzania","TZA","Survey mean consumption or income per capita, total population (2011 PPP $ per day)","SI.SPR.PCAP","","","","","","","","","","","","","","","","","","","","","","","","","","","","","","","","","","","","","","","","","","","","","","","","","","","","2.57","","","","","","","2.72","","",
"Uganda","UGA","Survey mean consumption or income per capita, total population (2011 PPP $ per day)","SI.SPR.PCAP","","","","","","","","","","","","","","","","","","","","","","","","","","","","","","","","","","","","","","","","","","","","","","","","","","","","","","","","","3.2","","","3.18","",
"Ukraine","UKR","Survey mean consumption or income per capita, total population (2011 PPP $ per day)","SI.SPR.PCAP","","","","","","","","","","","","","","","","","","","","","","","","","","","","","","","","","","","","","","","","","","","","","","","","","","","","","","","","11.82","","","","","14.46",
"Upper middle income","UMC","Survey mean consumption or income per capita, total population (2011 PPP $ per day)","SI.SPR.PCAP","","","","","","","","","","","","","","","","","","","","","","","","","","","","","","","","","","","","","","","","","","","","","","","","","","","","","","","","","","","","","",
"Uruguay","URY","Survey mean consumption or income per capita, total population (2011 PPP $ per day)","SI.SPR.PCAP","","","","","","","","","","","","","","","","","","","","","","","","","","","","","","","","","","","","","","","","","","","","","","","","","","","","","","","26.64","","","","","26.63","",
"United States","USA","Survey mean consumption or income per capita, total population (2011 PPP $ per day)","SI.SPR.PCAP","","","","","","","","","","","","","","","","","","","","","","","","","","","","","","","","","","","","","","","","","","","","","","","","","","","","","","","63.92","","","","","78.8","",
"Uzbekistan","UZB","Survey mean consumption or income per capita, total population (2011 PPP $ per day)","SI.SPR.PCAP","","","","","","","","","","","","","","","","","","","","","","","","","","","","","","","","","","","","","","","","","","","","","","","","","","","","","","","","","","","","","",
"St. Vincent and the Grenadines","VCT","Survey mean consumption or income per capita, total population (2011 PPP $ per day)","SI.SPR.PCAP","","","","","","","","","","","","","","","","","","","","","","","","","","","","","","","","","","","","","","","","","","","","","","","","","","","","","","","","","","","","","",
"Venezuela, RB","VEN","Survey mean consumption or income per capita, total population (2011 PPP $ per day)","SI.SPR.PCAP","","","","","","","","","","","","","","","","","","","","","","","","","","","","","","","","","","","","","","","","","","","","","","","","","","","","","","","","","","","","","",
"British Virgin Islands","VGB","Survey mean consumption or income per capita, total population (2011 PPP $ per day)","SI.SPR.PCAP","","","","","","","","","","","","","","","","","","","","","","","","","","","","","","","","","","","","","","","","","","","","","","","","","","","","","","","","","","","","","",
"Virgin Islands (U.S.)","VIR","Survey mean consumption or income per capita, total population (2011 PPP $ per day)","SI.SPR.PCAP","","","","","","","","","","","","","","","","","","","","","","","","","","","","","","","","","","","","","","","","","","","","","","","","","","","","","","","","","","","","","",
"Vietnam","VNM","Survey mean consumption or income per capita, total population (2011 PPP $ per day)","SI.SPR.PCAP","","","","","","","","","","","","","","","","","","","","","","","","","","","","","","","","","","","","","","","","","","","","","","","","","","","","","","","8.39","","","","10.78","","",
"Vanuatu","VUT","Survey mean consumption or income per capita, total population (2011 PPP $ per day)","SI.SPR.PCAP","","","","","","","","","","","","","","","","","","","","","","","","","","","","","","","","","","","","","","","","","","","","","","","","","","","","","","","","","","","","","",
"World","WLD","Survey mean consumption or income per capita, total population (2011 PPP $ per day)","SI.SPR.PCAP","","","","","","","","","","","","","","","","","","","","","","","","","","","","","","","","","","","","","","","","","","","","","","","","","","","","","","","","","","","","","",
"Samoa","WSM","Survey mean consumption or income per capita, total population (2011 PPP $ per day)","SI.SPR.PCAP","","","","","","","","","","","","","","","","","","","","","","","","","","","","","","","","","","","","","","","","","","","","","","","","","","","","","","","","","","","","","",
"Kosovo","XKX","Survey mean consumption or income per capita, total population (2011 PPP $ per day)","SI.SPR.PCAP","","","","","","","","","","","","","","","","","","","","","","","","","","","","","","","","","","","","","","","","","","","","","","","","","","","","","7.97","","","","","8.75","","","",
"Yemen, Rep.","YEM","Survey mean consumption or income per capita, total population (2011 PPP $ per day)","SI.SPR.PCAP","","","","","","","","","","","","","","","","","","","","","","","","","","","","","","","","","","","","","","","","","","","","","","","","","","","","","","","","","","","","","",
"South Africa","ZAF","Survey mean consumption or income per capita, total population (2011 PPP $ per day)","SI.SPR.PCAP","","","","","","","","","","","","","","","","","","","","","","","","","","","","","","","","","","","","","","","","","","","","","","","","","","","11.87","","","","11.18","","","","","","",
"Zambia","ZMB","Survey mean consumption or income per capita, total population (2011 PPP $ per day)","SI.SPR.PCAP","","","","","","","","","","","","","","","","","","","","","","","","","","","","","","","","","","","","","","","","","","","","","","","","","","","2.48","","","","","2.87","","","","","",
"Zimbabwe","ZWE","Survey mean consumption or income per capita, total population (2011 PPP $ per day)","SI.SPR.PCAP","","","","","","","","","","","","","","","","","","","","","","","","","","","","","","","","","","","","","","","","","","","","","","","","","","","","4.85","","","","","","3.92","","","",
